{"current":{"color_background":"#ffffff","color_headings":"#000000","color_text":"#000000","color_links":"#1d1d1d","color_button_background":"#000000","color_button_text":"#ffffff","color_header_background":"#b9f4ec","color_header_text":"#000000","color_footer_background":"#1d1d1d","color_footer_text":"#ffffff","type_body":"poppins_n4","type_heading":"poppins_n6","product_show_vendor":false,"enable_image_zoom":true,"product_enable_recently_viewed_products":false,"product_option_style":"radio","product_sales_badge":true,"product_sales_badge_style":"percentile","product_ratings_reviews":false,"product_social_sharing":true,"product_grid_show_second_image":true,"product_grid_emphasize_price":true,"product_grid_image_style":"small","product_grid_quick_buy":true,"social_facebook":"https:\/\/www.facebook.com","social_twitter":"","social_google":"https:\/\/plus.google.com","social_pinterest":"","social_instagram":"https:\/\/instagram.com","social_tumblr":"","social_vimeo":"","social_youtube":"https:\/\/www.youtube.com","social_email":"info@example.com","favicon":"shopify:\/\/shop_images\/image0_746e0fa7-69e0-4f2d-ba53-b678f499714e.jpg","enable_currency_converter":true,"currency_display_format":"money_format","currency_converter_currencies":"ILS INR GBP CAD USD AUD EUR JPY","currency_converter_default":"ILS","continue_shopping_url":"shopify:\/\/collections\/all","continue_url_cart":true,"checkout_logo_position":"center","checkout_logo_size":"large","checkout_body_background_image":"","checkout_body_background_color":"#fff","checkout_input_background_color_mode":"white","checkout_sidebar_background_image":"","checkout_sidebar_background_color":"#fafafa","checkout_heading_font":"Helvetica Neue","checkout_body_font":"Helvetica Neue","checkout_accent_color":"#214a83","checkout_button_color":"#1d1d1d","checkout_error_color":"#ff6d6d","font_body":"Google_Cabin_400,400i,700,700i","font_heading":"Google_Cabin_400,400i,700,700i","product_cart_redirect":false,"product_grid_quick_look":false,"show_multiple_currencies":true,"show_decimal_places":true,"hide_decimal_places":false,"currency_format":"money_with_currency_format","supported_currencies":"INR GBP CAD USD AUD EUR JPY","default_currency":"USD","sections":{"static-header":{"type":"static-header","blocks":{"937123c2-aeff-42a4-b92b-149597e75fde":{"type":"meganav_images","disabled":true,"settings":{"meganav_trigger":"","text_1":"","link_1":"","position_1":"first","size_1":"small","text_2":"","link_2":"","position_2":"first","size_2":"large"}}},"block_order":["937123c2-aeff-42a4-b92b-149597e75fde"],"settings":{"sticky_header":true,"logo":"shopify:\/\/shop_images\/image0_746e0fa7-69e0-4f2d-ba53-b678f499714e.jpg","logo_height":100,"logo_width":200,"enable_live_search":true,"enable_live_search_images":true,"enable_live_search_articles_pages":false,"quick_links":"","menu":"main-menu","show_announcement":true,"homepage_announcement":false,"announcement_text":"מוצרים קטנים לחיים קלים!","announcement_text_mobile":"","announcement_link":"","announcement_color":"#ffffff","announcement_background":"#1d1d1d","small_promo_heading":"","small_promo_text":"","small_promo_text_mobile":"","small_promo_link":"","small_promo_icon":"none"}},"static-footer":{"type":"static-footer","blocks":{"1505957932701":{"type":"menu","settings":{"menu":"main-menu"}},"1505952721829":{"type":"social_accounts","settings":{}},"1505952414301":{"type":"rich_text","settings":{"title":"Easy life - לשירותכם","text":"<p>נשמח ל<\/p>"}},"d2ac7b21-da7e-4c4f-8c78-f8a067627092":{"type":"rich_text","settings":{"title":"צור קשר","text":"<p>פרטים ליצירת קשר, המומלץ זה לשים אימייל, ומס' טלפון.<\/p><p>את הטקסט של המס' לסמן, וללחוץ על הסיכה מעל הריבוע של טקסט זה, ולהפנות את מס' הטלפון לקישור <\/p><p>https:\/\/wa.me\/9720500000000<\/p><p>ולהחליף את מס' הטלפון 050-0000000 בהתאם.<\/p>"}}},"block_order":["1505957932701","1505952721829","1505952414301","d2ac7b21-da7e-4c4f-8c78-f8a067627092"],"settings":{"payment_icons":true,"additional_menu":""}},"static-product":{"type":"static-product","settings":{"layout":"layout--two-col","enable_related_products":true,"enable_video_autoplay":false,"show_dcb":false,"product_cart_redirect":false}},"static-collection":{"type":"static-collection","settings":{"show_collection_image":false,"products_per_page_range":48,"sort_by":true,"show_by":true,"grid_list":true,"show_sidebar":true,"filter_style":"none","filter_limit":"999","filter_position":"above_menus","menu_depth_range":1}},"static-cart":{"type":"static-cart","settings":{"enable_order_notes":true,"enable_shipping_calc":true,"shipping_calc_default_country":"Israel"}},"static-search":{"type":"static-search","settings":{"results_per_page_range":24,"enable_search_articles_pages":true}},"static-slideshow":{"type":"static-slideshow","blocks":{"static-slideshow-0":{"type":"slide","settings":{"background_image":"shopify:\/\/shop_images\/pexels-andre-furtado-1261459.jpg","title":"Easy life","text":"כל מה שיהפוך לכם את החיים ליותר קלים במקום אחד !!","color":"#ffffff","link":"","text_alignment":"center","button_one_label":"","button_one_link":"","button_one_style":"secondary","button_two_label":"","button_two_link":"","button_two_style":"primary","show_overlay":true,"overlay_color":"#000000","overlay_opacity":50}}},"block_order":["static-slideshow-0"],"settings":{"show_slideshow":true,"enable_autoplay":true,"autoplay_duration":8,"slideshow_height":"medium"}},"static-highlights-banners":{"type":"static-highlights-banners","blocks":{"static-highlights-banners-0":{"type":"highlight","settings":{"icon":"icon-smile","title":"אלפי לקוחות מרוצים!","text":"","link":""}},"static-highlights-banners-1":{"type":"highlight","settings":{"icon":"icon-delivery","title":"משלוחי אקספרס","text":"","link":""}},"static-highlights-banners-2":{"type":"highlight","settings":{"icon":"icon-gift-card","title":"משלוחים לכל הארץ!","text":"","link":""}},"static-highlights-banners-3":{"type":"highlight","settings":{"icon":"icon-chat","title":"שירות חם, ומענה אישי!","text":"","link":""}}},"block_order":["static-highlights-banners-0","static-highlights-banners-1","static-highlights-banners-2","static-highlights-banners-3"],"settings":{"show_highlights_banner":true,"color":"#1d1d1d","icon_color":"#000000","background_color":"#b9f4ec"}},"163631513124678cb6":{"type":"dynamic-featured-collection","settings":{"title":"הנמכרים שלנו :","collection":"לאדם","banner_color":"#214a83"}},"static-list-collections":{"type":"static-list-collections","settings":{}},"1642363193124682a3":{"type":"pxs-image-with-text-overlay","settings":{"section_height":"medium","image":"shopify:\/\/shop_images\/pexels-pixabay-459953_94d393c7-e4d4-49ad-ae55-04b840442710.jpg","position":"center center","title":"לילד","text":"","content_position":"center-center","color":"#ffffff","overlay_background":"#000000","overlay_opacity":50,"link":"shopify:\/\/collections\/לילד","button_text":"אני רוצה!"}},"1642363348d2431557":{"type":"pxs-image-with-text-overlay","settings":{"section_height":"medium","image":"shopify:\/\/shop_images\/pexels-ilya-shakir-2440471_0ee35316-a7bf-4c59-814a-6a0b75a05c91.jpg","position":"center center","title":"לבית","text":"","content_position":"center-center","color":"#ffffff","overlay_background":"#000000","overlay_opacity":50,"link":"shopify:\/\/collections\/לבית","button_text":"אני רוצה!"}},"164236335806bba83a":{"type":"pxs-image-with-text-overlay","settings":{"section_height":"medium","image":"shopify:\/\/shop_images\/pexels-pixabay-45170.jpg","position":"center center","title":"לחיית המחמד","text":"","content_position":"center-center","color":"#ffffff","overlay_background":"#000000","overlay_opacity":50,"link":"shopify:\/\/collections\/לחיית-המחמד","button_text":"אני רוצה!"}},"164236336017c76124":{"type":"pxs-image-with-text-overlay","settings":{"section_height":"medium","image":"shopify:\/\/shop_images\/pexels-mike-170811.jpg","position":"center center","title":"לרכב","text":"","content_position":"center-center","color":"#ffffff","overlay_background":"#000000","overlay_opacity":50,"link":"shopify:\/\/collections\/לרכב","button_text":"אני רוצה!"}},"1642363363ec90cd78":{"type":"pxs-image-with-text-overlay","settings":{"section_height":"medium","image":"shopify:\/\/shop_images\/pexels-moose-photos-1036623_3.jpg","position":"center center","title":"לאישה","text":"","content_position":"center-center","color":"#ffffff","overlay_background":"#000000","overlay_opacity":50,"link":"shopify:\/\/collections\/לאישה","button_text":"אני רוצה!"}},"16423633659c05033c":{"type":"dynamic-featured-collection","settings":{"title":"מוצרים לילד","collection":"לילד","banner_color":"#ffffff"}},"16423634986174fd87":{"type":"dynamic-featured-collection","settings":{"title":"מוצרים לבית","collection":"לבית","banner_color":"#ffffff"}},"16423635091da39466":{"type":"dynamic-featured-collection","settings":{"title":"מוצרים לחיית המחמד","collection":"לחיית-המחמד","banner_color":"#ffffff"}},"1642363513d1de9266":{"type":"dynamic-featured-collection","settings":{"title":"מוצרים לרכב","collection":"לרכב","banner_color":"#ffffff"}},"16423635166811bf81":{"type":"dynamic-featured-collection","settings":{"title":"מוצרים לאישה","collection":"לאישה","banner_color":"#ffffff"}},"16423638236ff3e558":{"type":"pxs-image-with-text-overlay","settings":{"section_height":"medium","image":"shopify:\/\/shop_images\/pexels-engin-akyurt-1435895_620935e2-9c74-44f9-8a88-f5adf3a50a29.jpg","position":"center center","title":"למטבח","text":"","content_position":"center-center","color":"#ffffff","overlay_background":"#000000","overlay_opacity":50,"link":"shopify:\/\/collections\/למטבח","button_text":"אני רוצה!"}},"1642364128fbc4844c":{"type":"dynamic-featured-collection","settings":{"title":"מוצרים למטבח","collection":"למטבח","banner_color":"#ffffff"}}},"content_for_index":["1642363193124682a3","16423633659c05033c","1642363348d2431557","16423634986174fd87","164236335806bba83a","16423635091da39466","164236336017c76124","1642363513d1de9266","1642363363ec90cd78","16423635166811bf81","16423638236ff3e558","1642364128fbc4844c","163631513124678cb6"]},"presets":{"Supply":{"color_background":"#ffffff","color_headings":"#222222","color_text":"#4d4d4d","color_links":"#29927d","color_button_background":"#ffab41","color_button_text":"#1a390c","color_header_background":"#30656b","color_header_text":"#ffffff","color_footer_background":"#f8f8f8","color_footer_text":"#5c5c5c","font_body":"Google_Cabin_400,400i,700,700i","font_heading":"Google_Cabin_400,400i,700,700i","content_for_index":[]},"Graphic":{"color_background":"#ffffff","color_headings":"#484848","color_text":"#4d4d4d","color_links":"#e32619","color_button_background":"#e32619","color_button_text":"#ffffff","color_header_background":"#ffffff","color_header_text":"#484848","color_footer_background":"#ffffff","color_footer_text":"#686868","font_body":"Google_Cabin_400,400i,700,700i","font_heading":"Google_Cabin_400,400i,700,700i","content_for_index":[]},"Industrial":{"color_background":"#ffffff","color_headings":"#4c4c4c","color_text":"#4c5154","color_links":"#0076de","color_button_background":"#0076de","color_button_text":"#ffffff","color_header_background":"#1d2236","color_header_text":"#ffffff","color_footer_background":"#edeff3","color_footer_text":"#5c5c5c","font_body":"Google_Libre+Franklin_400,400i,700,700i","font_heading":"Google_Arimo_400,400i,700,700i","content_for_index":[]}}}